Marks out of 10?,Would you meet again?,Score,Meet
"She said she was going to give me 2, so I'm going to give her 1… I win, right?",Maybe at a murder trial…,1,N
"As a person, 7; as an exciting, romantic date, 2","No hard feelings, but no",2,N
"2. We made a drunken pact, which seemed funny at the time. Now I'm not so sure",Honestly? Probably not,2,N
"As a date, 2.3; as a person to know, 6.4.Would you meet again? As a friend, yes, perhaps","As a friend, yes, perhaps",2,N
4. It felt more like a job interview than a date,"As friends, maybe",4,N
4. Not for me,"No, but I’d say hello if I bumped into him",4,N
4,"We live near one another, so knowing my luck I’ll see him in the street every week",4,N
4,"No – he’s a nice guy, but there was just no chemistry",4,N
4,Unfortunately not,4,N
4,"No. He's sweet, but I need someone more interesting",4,N
4,No,4,N
4/10,"No, I don't think so",4,N
"4. We were quite different people, but not in a good way","I very much doubt it, no",4,N
"Emily is a really nice girl, but there was no attraction: 4","No, but I'm sure we'll bump into each other at some point",4,N
5,Unlikely,5,N
5,"It’s a “no” from me. I do wish him all the best setting up his retreat in Brazil, though",5,N
5. We’re from different worlds,Don’t think so,5,N
"5. Lovely guy, but no attraction. I even received a couple of yawns at the end",Probably not,5,N
5,No,5,N
5,I’m afraid not,5,N
"As a guy, 8. As a date, 5",By accident,5,N
5,I'm afraid not,5,N
A promising 5,"Er, probably not",5,N
5. Cupid definitely had the night off,I'll let you draw your own conclusions,5,N
5,"Probably not, but only because he said he didn't drink much, and I said I'm not any good at amateur dramatics",5,N
"As bingo callers say, man alive – 5",Probably not,5,N
5,I don't think so,5,N
"5.Would you meet again? As friends, maybe","As friends, maybe",5,N
An even 5,"Honestly, no. He seemed a decent guy, but not for me",5,N
"5. Would you meet again? Unfortunately not, Martin is a lovely guy, but not for me","Unfortunately not, Martin is a lovely guy, but not for me",5,N
"5 – there was no chemistry right from the off.Would you meet again? No, but best of luck with the new job in Cardiff, Siân","No, but best of luck with the new job in Cardiff, Siân",5,N
5,"I don't think we'll arrange anything, but Brighton is a small place and we'd stop to chat if we bumped into each other",5,N
"5 for the match, 8 for personality",Not in a romantic way,5,N
5,"Only as friends. We've been in touch and I'd meet up again, but there was no attraction between us.",5,N
5,"No, the search continues",5,N
6,"Unlikely, but I may follow him on Twitter",6,N
6,"I had a nice time, but some things aren’t meant to be",6,N
6.1,"I don’t think so, I’m afraid",6,N
6,I took down her number,6,N
6,“I like Katie Hopkins – she tells it like it is.”,6,N
6,I don’t think so. There was no connection there for me,6,N
6,"No, I don’t think so – there wasn’t much of a spark",6,N
6 for an entertaining evening but the sparks didn’t fly,Probably not,6,N
"6 – not my type, but I had an enjoyable evening","Just as friends, especially if he gets a dog, so I can walk it",6,N
"6, he made me laugh a lot",Not in a romantic scenario,6,N
6. It lacked spark,"I don’t think so. Jon’s a lovely guy, but just not right for me",6,N
"6. A great guy, just not for me",Unlikely,6,N
6,Possibly not,6,N
6. Lovely girl but there wasn’t much chemistry,Unlikely. I’d prefer someone with a bit more edge to them,6,N
"6. Nice guy, but no romance","Unlikely, we didn’t swap numbers",6,N
"6. It was a smooth-running, slightly above-average date with good company","We didn’t exchange numbers, so I doubt it",6,N
6,"We didn’t exchange numbers (we never broached the issue), so no",6,N
"For the date? 6. For Katie herself, a bit higher!",Maybe in another 10 years?,6,N
6,Maybe in another 10 years!,6,N
6,I doubt we will,6,N
"6. Josh was a nice guy, but just not my type unfortunately",,6,N
6,We didn’t swap numbers,6,N
6.2,Unlikely,6,N
6,"Yes, for friendly drinks",6,N
"He was a terrible, terrible date, but I had a laugh – 6/10",It's possible that I'd bump into him in the neighbourhood,6,N
A high 6,"Despite his surname, unfortunately there's no hope for me and Ben",6,N
6,Unlikely,6,N
6,"In all seriousness, Alex was a lovely chap, but there was no chemistry between us. So just as friends",6,N
"6 – romantic compatibility was low, but I had a fun evening","Aside from a friendly meet-up, I doubt we'll see each other regularly",6,N
6,"If we bumped into each other in one of the train stations of south London, I would definitely shake his hand",6,N
"6? He's a nice guy, but I don't think we quite hit it off","Probably not, I'm afraid",6,N
"6, for being a nice guy","Probably not, but we did swap website URLs – sexy!",6,N
6,I said I'd go to see his band with my friend,6,Y
"6 – we had fun, but the attraction wasn't there","We didn't swap numbers, but if I bumped into Dan, I'd hang out with him",6,N
"6, I think. Easy conversation but no fireworks.Would you meet again? Maybe for a few drinks",Maybe for a few drinks,6,N
"6. It was a nice enough evening, but that's all. Lovely restaurant and food – we just don't have anything in common.Would you meet again? No, lovely guy, we're just very different","No, lovely guy, we're just very different",6,N
"6 or 7 – great conversation, but we didn't have loads in common.Would you meet again? We follow each other on Twitter, but I'm not sure we'll meet up","We follow each other on Twitter, but I'm not sure we'll meet up",6,N
"6.Would you meet again? No, pretty unlikely","No, pretty unlikely",6,N
"6.Would you meet again? I'm afraid I wouldn't go out my way to see Tom again. As much as he is a lovely guy and we had a wonderful date, we really didn't have much in common. I think he needs to find a girl his age or younger, also a student, who also likes sci-fi novels","I'm afraid I wouldn't go out my way to see Tom again. As much as he is a lovely guy and we had a wonderful date, we really didn't have much in common. I think he needs to find a girl his age or younger, also a student, who also likes sci-fi novels",6,N
"I'd give the night a 6, because I never felt totally relaxed. We never seemed to open up and get over the stage of being polite and asking standard questions. Would you meet again? I may give her a cycling lesson – she wants to learn how to ride in London",I may give her a cycling lesson – she wants to learn how to ride in London,6,N
"He's a lovely guy, but basing the score on whether we'd date each other, it has to be a 6.Would you meet again? Yes, but just as friends. Sadly, there was no spark","Yes, but just as friends. Sadly, there was no spark",6,N
6,I did take her number,6,Y
6.5,"Perhaps, as friends",6.5,N
Cracking chick – 6.5/10,Who’s to say?,6.5,Y
6.5,As friends. No romance on the cards,6.5,N
6.5,"Yes, as friends",6.5,N
6.5,Probably not,6.5,N
6.5,"She was nice, but there wasn't the connection for a second date",6.5,N
6.5,We didn't swap numbers,6.5,N
6.5,No,6.5,N
6.5,Not intentionally. Maybe in India?,6.5,N
6.5 – I don't think we should expect any wedding bells,Maybe as friends,6.5,N
"6.5.Would you meet again? No. I wish Trevor all the best. However, he is not the man for me","No. I wish Trevor all the best. However, he is not the man for me",6.5,N
"6.5 – the food was divine and I enjoyed bowling (even though I was crap). He's a nice guy, but not my cup of tea. Sorry! Would you meet again? If I want to take up cycling, I'll definitely get in touch","If I want to take up cycling, I'll definitely get in touch",6.5,N
6.5,"A very nice man, but not likely to become an addition to my circle of friends",6.5,N
7,"For a great conversation on European culture, perhaps",7,N
7,We’ve agreed to. We’ll see!,7,Y
Seven,Why not? Rosie would be an interesting person to hang around with now and again,7,N
Seven,Yes. I want to get a slice of his Oreo cheesecake,7,Y
7,"Perhaps as friends. He was sweet and interesting and we had a lot in common, but there was no chemistry",7,N
7/10,To grab a few pints as mates,7,N
A very respectable 7,He’s a bit young for me and there was no spark,7,N
7,"Absolutely, but as friends",7,N
7,"Only as friends, because unfortunately there was no spark",7,N
7,"He’s really interesting, but romantically, he is not for me",7,N
7,Sure,7,Y
7,"I did ask if she’d like to meet again, but I think we both knew it wasn’t going to happen",7,N
7,Maybe as friends,7,N
7,"As friends, sure",7,N
7,"He’s really interesting but, romantically, he’s not for me",7,N
7,"Romantically, probably not. As friends, definitely",7,N
"A solid 7. Really good company, but maybe a bit young for me",We swapped numbers…,7,Y
7,"I hate to make a judgment based on one blind date, so yes. But if she says no, you’ll change my answer, right?",7,Y
7,"There was no romantic connection, but maybe we’ll catch up as friends",7,N
7. It would have been 8 if he hadn’t been late,"We’ve exchanged numbers, so we’ll see what happens",7,Y
"7 – as a teacher I never give full marks, so 70% is a win",Yes. It’s good to see someone in daylight as well as at dusk!,7,Y
"7 as a person, but about 3 as a date",Not deliberately,7,N
7,It was a friend-zone situation,7,N
"7, for a nice evening","Never say never, but I doubt it. Not romantically, anyway",7,N
7,For professional mentoring. He’s not my type,7,N
7,"We didn’t exchange numbers, so I guess no",7,N
7,Most unlikely. We inhabit different planets,7,N
7,"Probably not, but I wouldn’t run and hide if I saw him in the street",7,N
"7 – not my cuppa, but nice","Unlikely, but I wish him well",7,N
7. Only because I think Alex will go for 7,We said yes. It’s yet to be seen what we meant,7,Y
7,Sure,7,Y
7,I hope so – she’s supposed to be coming to see me DJ,7,Y
7,We didn’t exchange numbers but I wouldn’t mind meeting again as friends,7,N
"7 – I liked him, but as a friend",As a mate for a drink,7,N
A solid 7,I don’t think it’s on the cards. Maybe we’ll bump into each other at a Björk gig,7,N
A strong 7,"Yes – only if I could choose the wine, though",7,Y
7,I don’t think so. There was no romantic connection,7,N
Solid (if a little generous) 7,For a casual drink and to continue conversation,7,N
7.4,"Yes, I took her number",7,Y
7,We’re planning drinks,7,Y
7,"Sure, as friends – I suspect however he might not think the same. I gave him my business card, so let’s see",7,N
7,"Honestly, no",7,N
A strong 7,"Yes, I’m sure we could spend another fun evening together as friends",7,N
7,"As friends, most definitely",7,N
7,"Sure, why not?",7,Y
For an evening with a stranger: 7,"I sent him a text after two days, as I thought he’d liked me, and what’s to lose? He replied “Hi toots”. My pride was sorely dashed",7,Y
7,"We didn’t exchange numbers, so not sure how that would happen",7,N
7,"In a platonic sense, sure",7,N
7,"As friends, yes. There wasn’t a romantic thing, though",7,N
7,"Alex is a good date, but we lacked spark, so it’s unlikely",7,N
7,"If I ever find myself in his neighbourhood, I’m sure we’d have a nice pint",7,N
7,Only in the platonic sense,7,N
7 – I know his mum will be reading this,Everyone deserves a second chance,7,N
7,Yes,7,Y
7,"Yes, as friends",7,N
7. Wonderful company but no real spark,Not in a romantic setting,7,N
7,"As friends, yes",7,N
7,As friends,7,N
7,Maybe. He could teach me how to play the ukulele,7,Y
7,Probably not,7,N
7,"Perhaps. We have some shared interests, enough for a friendship, not more",7,N
7,"Sure, why not?",7,Y
7,"He lives round the corner, so we might see each other in Costcutter, but that'd be it",7,N
7,Maybe. We certainly had a lot to talk about,7,N
7,Perhaps,7,N
7,Maybe. If he asked,7,Y
7,I would be very surprised if we met again under any circumstances other than chance,7,N
A solid 7,I wouldn't turn and run if I bumped into him,7,N
7. A catch for the right person,"I didn't feel a spark. Maybe for a pint, though",7,N
7,"I don't think so. He's a very nice guy, but that elusive spark was lacking",7,N
7,"Yes, to see what she's like on a good day",7,Y
7,"Maybe as friends, for power ballad karaoke",7,N
7,"It's possible: numbers were exchanged, no plans made",7,N
7,I don't think either of us thought we really hit it off,7,N
7,When he makes good on his promise to sail me around the world,7,N
7,I hope so,7,N
7,As friends,7,N
7,Maybe as friends when he is in the country,7,N
7,I did get a Facebook request…,7,Y
7,Maybe as friends,7,N
7 or 8,"We exchanged numbers, so probably, but just as friends",7,N
7,"Definitely, as a mate",7,N
A solid 7,"It was a lovely evening, but…",7,N
"Purely from a compatibility point of view, 7","Yes, as friends. I enjoyed the evening",7,N
A strong 7,I've got her number and I'm texting her next week,7,Y
7,"Not romantically, but I'd be very happy to bump into Frances again one day",7,N
7,We swapped numbers,7,N
7,"Yes, there's been talk of it",7,Y
A solid 7,I'd be happy to,7,N
A solid 7,"Possibly, but possibly not",7,N
7,"Yes, as friends",7,N
7,"Yeah, though I think only as friends",7,N
A solid 7,"Maybe, but just as friends",7,N
7,"As friends, sure.• Dawn and Nick ate at Wedgwood the Restaurant, Edinburgh. Fancy a blind date? Email blind.date@theguardian.com",7,N
7,"As friends, sure",7,N
7,"Yes, but I don't think we'd do so in a date scenario",7,N
7,"Yes, but only as friends",7,N
"7. The spark wasn't there for me, but I can now recommend a bloody great Assam tea","Not in a romantic fashion, but certainly as friends",7,N
Eek! Something around the 7 mark?,Sure – we laughed a lot,7,Y
7,I'd like to. We have exchanged phone numbers,7,Y
7,"I'm trying to persuade him that south London is better than east, so there will be further research opportunities",7,Y
7,"Yes, but probably more as theatre buddies",7,Y
Between 7 and 8,Yes. I'm the sociable sort,7,N
"7. Wait, everyone says 7, I'll say 8",Maybe,7,N
A solid 7,I doubt it would be on any more than a friendly basis,7,N
7,I'm seeing her for a drink at the theatre in a couple of days,7,Y
7,"Yes, as friends",7,N
7,"Yes, he's a lovely guy",7,Y
7,"As friends, definitely",7,N
We talked about giving this cruel ritual a miss. Let's say a solid 7,"Lovely gal, but I don't think so",7,N
Feels wrong marking people! But I'll do as I'm told. 7,"Definitely, but on more of a friendship basis",7,N
7,"Yes, I hope we do",7,Y
7.5 (0.5 for an excellent card trick),Perhaps for a cup of tea,7,Y
I'd give the evening as a whole a 7,I don't think so,7,N
7 – it was fun and the food was really good,"For a cup of tea, maybe",7,N
"7. Would you meet again? We exchanged numbers, so time shall tell","We exchanged numbers, so time shall tell",7,Y
7,It seems unlikely,7,N
7,Maybe,7,N
7,Maybe… we'll see what happens,7,Y
"I'm expecting a 2 from him, but I'll be generous (and honest) and stretch to a 7",Probably not,7,N
7,"As friends, absolutely",7,N
7,I have an invite to tour the safer parts of Brixton,7,Y
7,"We said we'd catch up over Facebook, but I don't think it would be much more than that",7,N
7,"We share the same drinking holes, so I'm sure we'll bump into each other",7,N
"I'd never be so uncouth to mark a lady out of 10, so I'll pretend you're referring to the date – in which case; it was fun and I had a nice time – 7","Possibly, as friends",7,N
"That seems rather ungentlemanly, but since you insist, 7.Would you meet again? Sure",Sure,7,Y
"7.Would you meet again? As friends. There wasn't any chemistry, but she's moving to Brixton, and I was planning on moving there in the new year…","As friends. There wasn't any chemistry, but she's moving to Brixton, and I was planning on moving there in the new year…",7,N
The date? 7. Jo? I wouldn't be so vulgar…Would you meet again? I'd imagine not,I'd imagine not,7,N
"I'd say 7.Would you meet again? Probably not. It was a lovely evening, but we didn't have that much in common and there wasn't any spark","Probably not. It was a lovely evening, but we didn't have that much in common and there wasn't any spark",7,N
"7.Would you meet again? Perhaps, but I can't see it as more than friends, I'm afraid","Perhaps, but I can't see it as more than friends, I'm afraid",7,N
"I'd go for a 7. Nice company, nice food","We've swapped numbers and I'll to try to make it to his gig. There was no spark for me, so it would be just as friends. Sorry",7,N
"7.Would you meet again? Probably not – he's a really nice guy, but not for me","Probably not – he's a really nice guy, but not for me",7,N
"7.Would you meet again? Yes, as friends. It would be great to hear about his trip to America","Yes, as friends. It would be great to hear about his trip to America",7,N
"7 – good conversation in a nice setting.Did you go on somewhere else? Yeah, to a local bar for a nightcap and to exchange numbers.Would you meet again? I don't think so. There wasn't a spark, although she was very warm and bubbly","I don't think so. There wasn't a spark, although she was very warm and bubbly",7,N
7,Probably not,7,N
7.Would you meet again? Probably not; I'm not sure he would take well to my bike and run-down old car,Probably not; I'm not sure he would take well to my bike and run-down old car,7,N
"7.Would you meet again? Probably not, but I may show my face at one of his gigs","Probably not, but I may show my face at one of his gigs",7,N
7 for a very pleasant evening. Would you meet again? Probably not. But I'll bear him in mind if I ever need any oil shipping,Probably not. But I'll bear him in mind if I ever need any oil shipping,7,N
"7.Would you meet again? It was a lovely evening, but most likely not. I could tell she was out of my league from the start","It was a lovely evening, but most likely not. I could tell she was out of my league from the start",7,N
"7.Would you meet again?I wouldn't say no to another meet-up, but probably just as friends","I wouldn't say no to another meet-up, but probably just as friends",7,N
"7. Great restaurant. The conversation meandered rather than flowed, no spark but an enjoyable evening",We didn't make any plans to,7,N
"I'd give the evening a 7 – the food was nice, the venue relaxed","I invited him to come running with me, but he wasn't sure he'd be able to hack the pace",7,Y
7,"I was very interested in the excavations at Colchester and I would like to see them in the spring, hopefully with her",7,Y
7,"I'm not a qualified medic, and he doesn't like dogs, so probably not, but we exchanged email addresses and I have sent him data regarding the Roman excavations",7,N
"7.Would you meet again? Definitely for drinks as friends. We've already said we'll meet up soon – Mal has promised to show me how to dance properly to jungle music, although I may be better than him as it stands","Definitely for drinks as friends. We've already said we'll meet up soon – Mal has promised to show me how to dance properly to jungle music, although I may be better than him as it stands",7,N
"7. Actually, 8 because he said of all animals, I am like a swan, which I thought was quite a compliment.Would you meet again? He's a lovely guy, but I think Cheryl Cole might be in with a better chance","He's a lovely guy, but I think Cheryl Cole might be in with a better chance",7,Y
7,No – we had very little in common. But it's a mark of what good company she is that I still managed to have a lovely evening!,7,N
7,"Yes, as friends, though I would have to go to Liverpool as Manisha is not a fan of Manchester",7,N
7,I'd certainly share a vodka martini with him,7,Y
6.5/7,We just might,7,Y
"7.4. She could have got an additional 0.6 points if she'd prescribed me something for the brainfreeze.Would you meet again? It was fun and Ali was very nice, but could I ever love a woman who doesn't like Morrissey? That was a deal breaker, I'm afraid","It was fun and Ali was very nice, but could I ever love a woman who doesn't like Morrissey? That was a deal breaker, I'm afraid",7,N
"7. Combining great food and company, the evening was definitely a lot of fun, especially with the great staff at the restaurant. They were hilarious when I first arrived and had no date.Would you meet again? We have chatted online. Although a true gent, not quite my cuppa tea, but if his stand-up comedy takes off, I will definitely go along to support him","We have chatted online. Although a true gent, not quite my cuppa tea, but if his stand-up comedy takes off, I will definitely go along to support him",7,N
7 or 8,"Yes, but purely as friends – sorry!",7,N
7,"I am sure we will, but as friends",7,N
7,"I enjoyed his company, but didn't feel there was any chemistry",7,N
7,"We swapped numbers, but I don't think there will be any romance, sadly",7,N
7,"She didn't seem that interested, so I doubt it",7,N
7,I didn't detect any chemistry and we didn't swap numbers,7,N
7,"Definitely. We'd probably both agree that it should be platonic, but he was an excellent drinking pal",7,N
7,"Definitely, but just as friends",7,N
7,"Maybe, but just as friends",7,N
7,"I would but she lives in the Wirral, so it's unlikely to happen that often",7,Y
7.5,Yes,7.5,Y
7.5,"He’s a lovely guy, but I think we’re heading down the friends route here",7.5,N
7.5,It would be good to show her how my headstand is coming along,7.5,Y
7.5,I’d like to: we exchanged phone numbers,7.5,Y
7.5,Perhaps just for coffee,7.5,N
7.5,"I hope he’ll become a friend. We got on like a house on fire, but there was no spark",7.5,N
7.5,I think so – we exchanged numbers,7.5,Y
7.5,It would be silly not to,7.5,N
7.5. We may be quite different people. I’d like to find out,"She invited me to an improv night, possibly out of politeness. We’ll see",7.5,Y
"7.5. A fun evening, but no romantic sparks flew",If he invited me to one of his dinner parties: apparently he’s been known to get a round of applause,7.5,N
7.5,"If Mark applied for Britain's Got Talent, I'd happily be in the audience to cheer him on",7.5,N
7.5,Who knows? Maybe,7.5,N
7.5,Maybe as friends,7.5,N
7.5,I'm writing up Jonny's first speech as an MP,7.5,Y
7.5,Maybe if we bump into each other on the dance floor,7.5,N
7.5,We already have,7.5,Y
7.5,We'll see…,7.5,Y
7.5,Happily,7.5,Y
"In honour of the Great London Book Group, and taking the Latin American vibe of the venue for inspiration, I'd say that out of South American countries he was Chile. Numerically, that's 7.5","We didn't make plans but, given shared drinking holes, I'm sure it's only a matter of time till we bump into each other",7.5,N
A solid 7.5,"As a friend, I don't see why not",7.5,N
7.5,I wouldn't mind,7.5,Y
7.5,"Given our overlapping social circles, it's inevitable",7.5,N
"7.5 – no reflection on her, we didn't have anything in common","I'd buy her a drink if I saw her around, but it's unlikely",7.5,N
"I think he deserves a ""distinction"", so in marks out of 100, that's 75 or higher, right?",Probably. We've texted…,7.5,Y
7.5,"I've offered to show Gracie around Brixton market to change her idea of the place, but only as friends",7.5,N
"7.5 – fun company, but there wasn't a spark.Would you meet again? Yes, but not dating. We exchanged numbers and had a few sneaky kisses between the main course and dessert, but agreed not to take it any further","Yes, but not dating. We exchanged numbers and had a few sneaky kisses between the main course and dessert, but agreed not to take it any further",7.5,N
7.5,"Yeah, we've planned to",7.5,Y
7.5,"I had a really enjoyable time, although I didn't feel any romantic spark",7.5,N
A hearty 7.5,It would be nice to,7.5,Y
8,"Yes, I’d like to. We have swapped numbers",8,Y
8,We don’t have any plans to,8,N
8,"Yes, although he walked off without my number",8,N
8,I think following each other on Twitter is as committed as this is going to get,8,N
A solid 8,We swapped numbers and have chatted a bit. I hope to meet up again when we’re both free,8,Y
8,We’ve arranged a night out as friends,8,N
8,"Yes, as friends",8,N
8,"To share a couple of £4 pints, sure",8,N
8,"Possibly, but solely as cycling buddies",8,N
8,"It’s not on the cards; it was a very nice evening, but there was no spark",8,N
A solid 8,We both agreed there wasn’t that spark,8,N
8,We plan to meet again and exchanged numbers,8,Y
8,We’ve decided to stay friends,8,N
8,As friends. We exchanged numbers,8,N
8,"Yes, but I’m not sure it would be under romantic circumstances",8,N
A solid 8,I think we both know that probably won’t happen,8,N
8. Great conversation,As friends,8,N
A solid 8,"I think so. I’m not sure about sparks and butterflies, but he’s a lovely guy",8,Y
8,I’d hope to,8,N
A solid 8,I’d be delighted to,8,Y
8,"Yes, I definitely would. We have swapped numbers, so I guess time will tell",8,Y
8,Yes,8,Y
8/10,We’ll see,8,N
8,"We discussed meeting in the future – he took my number, so we shall see if he uses it",8,Y
8,Definitely,8,Y
The date itself? I’d say 8,"Our paths may cross, but I can’t see romance a’bloomin’",8,N
8,We exchanged numbers and said it would be nice to meet up again soon,8,Y
8,Yes,8,Y
8,I don’t see why not,8,Y
8,I would definitely like to,8,Y
8,"As friends, yeah",8,N
8,Perhaps as friends. He’s a bit young for me,8,N
8,As friends. There was a spark at the beginning but it had fizzled out by the end,8,N
8,"I don’t know if the chemistry was right for romance, but I’d happily see Kati again",8,N
8,We connected on Facebook,8,Y
8 (I had to take off a couple of points for the canal chat),"Hopefully. I have her number, so we’ll see what happens",8,Y
A solid 8,"I gave her my number, but don’t bank on wedding bells. We’d be excellent pub pals",8,Y
8,"Yes. Unless she slams me, in which case absolutely not",8,Y
8,"We’ve swapped numbers, so probably",8,Y
8,Yes,8,Y
"8, but I felt no spark","We lead very different lives, so I can’t see it happening",8,N
8,I think it’s unlikely,8,N
8,"It turns out we work in the same hospital, so I’m sure we will",8,N
8,I gave her my number,8,Y
8,Never say never…,8,Y
8,Probably,8,Y
8,"Yeah, but we didn’t trade numbers",8,Y
8,Yes. Let’s see,8,Y
8,"I’d be happy to catch up, but we didn’t exchange numbers",8,Y
8,"I’m not sure if there was massive romantic chemistry, but I’d hang out with him",8,Y
8,We swapped numbers,8,Y
8,As friends for now – it’s hard to know the potential for a relationship from one meeting,8,N
8,"Yeah, I reckon",8,Y
8,"As friends, definitely, but not sure if there will be romance",8,Y
8,"She was great company, but there was no romance",8,N
8,"Yes, it’s being arranged",8,Y
8,"We exchanged numbers, so it’s a possibility",8,Y
8. It was a fun evening,"As friends, yeah",8,N
8,"Yes, we got on really well",8,Y
7.9,"I suspect not. It was enjoyable, but no sparks flew",8,N
8.26,"We've provisionally agreed to already, though we haven't set a date",8,Y
8 (only because no one is perfect),"Yes, we will probably run into each other, seeing as we live in the same neighbourhood",8,N
8. He lost 2 for the pebble,Depends what he says,8,Y
7.7,I don't think so. Unless I need some sailing lessons,8,N
8,"Yeah, why not?",8,Y
Solid 8,"We exchanged numbers, so we'll see",8,Y
8,Yes,8,Y
8,Perhaps,8,Y
8,"For a friendly drink, yes",8,Y
8,"If he asked, yes",8,Y
8,"Yes, I'd like that",8,Y
8,"Yeah, I think I would",8,Y
8+,I don't see why not,8,Y
8,Probably not,8,N
An 8,As friends. I didn't feel that spark,8,N
8,"I suspect she doubts my credentials as a future husband, so probably not",8,Y
8,I suspect she'd like to watch the semi-final with me,8,Y
Good company: a powerful 8,It would be a pleasure,8,Y
"8, maybe 9. I couldn't fault him – he just wasn't my type","Sure, as friends",8,N
A solid 8,I'd happily bump into him again,8,N
A solid 8,"I reckon so – I imagine on a friendly basis, though",8,N
8,"Unlikely, but I wouldn't rule it out",8,N
8,"I gave him my number, so the ball is in his court",8,Y
8,"Yes, we exchanged numbers and have already texted each other",8,Y
8 – it was fun,"No, but I’d suggest coffee if we bumped into each other",8,N
8,I think so,8,N
8,I would quite like to,8,Y
8,I don't see why not,8,Y
8,"Well, he asked for my number, so we'll see",8,Y
8,Touring with my new album would make it hard,8,N
He was really fun – 8,"We live nearby, so it would be nice to bump into him",8,Y
8 – we had a really fun evening,"We got on really well, but for me there wasn't quite the right chemistry",8,N
A good 8,We did: date number two was more relaxed. A third? I don't see why not,8,Y
A solid 8,"We swapped numbers, so it's a possibility",8,Y
8,Happily,8,Y
8,I would be happy to,8,Y
7.75,We agreed it would be nice,8,Y
8! I had a great night,As friends. But he'd have to venture north of the river,8,N
"8 – a good evening, but there was no real spark","Yes, I think he would make a good friend",8,N
8,Definitely as friends. It would be good to hang out and go to a gig,8,N
8,Definitely as friends,8,N
8,"We didn't exchange numbers, so that might be tricky",8,N
8,"As friends, definitely",8,N
I'd say a solid 7.5-8,"Yeah, I think we would",8,Y
8,Happily,8,Y
"Oh no, I feel like I'm on Come Dine With Me! 8?",We might catch a Tegan and Sara gig over the summer,8,Y
8. Really good fun,"Yes. I don't know that we have a romantic future, but as friends for sure",8,Y
8,"We share a lot of interests, so I'm sure we'll bump into each other",8,N
Ratings are for misogynists and the unimaginative. I'll give him an 8,I think our bikes are supposed to be hanging out at some point,8,Y
8,I hope so. Maybe when England have the edge on Australia in the Ashes,8,Y
"Excellent food and wine, a pretty girl, good conversation – a solid 7.5 (8 if she'd been scouse)",Maybe. It's hard to tell if there's any spark when you know you're appearing in a national paper,8,Y
A solid 8,"Yeah, he's a nice guy with loads of chat. I was never bored",8,Y
8,I don't see why not,8,Y
Lucy is worth 8. The date probably not more then 6,Yes,8,Y
8(.33),I want to try her coffee,8,Y
A solid 8,We exchanged numbers and agreed to make plans for a theatre outing,8,Y
8,We swapped numbers…,8,Y
8,I have texted him…,8,Y
"We marked a lot of things during our date, including my cocktail, but I think I would give him a solid 8","Yes – he was great company and I could have talked to him all night. But it would purely be on a friendship basis, despite him being rather yummy",8,N
Good conversation and a good laugh. A solid 8,"I'd like to think we would do at some point. Not sure in what context, though",8,Y
"Tasty cheese, fun drinks after – for the whole night it's an 8","I went to his party on Saturday night, he's coming to my housewarming, but as friends",8,N
"We mutually decided we were above rating, but for the sake of this question, 8",She came to my housewarming a few days later,8,Y
8,We didn't swap numbers. As the Magic 8-Ball would say: outcome not so good,8,N
"OK, if I have to, 8 out of 10",Maybe we'll bump into each other at the butcher's,8,N
8 – he was a lovely chap,"Yes, coffee (ristretto!), as friends",8,N
8,"We talked about it, and while I'd like to, I think the moment's passed",8,Y
"I dislike the idea of marking people, but seeing as you treated us to dinner, I'll go for an 8","We exchanged numbers, so I hope that we will, even if just as friends",8,Y
"8, for being such an open person, but too much of a party animal for me",Maybe as friends,8,N
"For a blind date, 8","Maybe, if we bump into each other on our bikes",8,N
8,I reckon,8,Y
A high 8,We're visiting a medical museum soon,8,Y
8. A very pleasant evening,We've discussed meeting for a nice cup of tea,8,Y
8,"I'd be happy to, as friends",8,N
"Lily was fun, so 7.56 to be precise","As friends, or if I needed a drummer (Lily plays drums, which is cool)",8,N
8,"I believe so, yes",8,Y
"If you really need a mark, let's say 8+.Would you meet again? We swapped numbers, so who knows?","We swapped numbers, so who knows?",8,Y
7.9.Would you meet again? Perhaps in more relaxed circumstances,Perhaps in more relaxed circumstances,8,Y
7.75,"As friends, most certainly",8,N
A 7 or 8,"Sure, if he needs a dance partner, he should get in touch",8,Y
8,I got Rosie's number and said I'd invite her to an event I and my friends had organised. But as friends,8,N
"I'm a hard marker (as my students know), so 8",He's already texted me,8,Y
8,I think I need to join her music club,8,Y
"8, a fine evening","I'll probably run into him on a bike, at the Hyde Park Corner traffic lights",8,N
8,"I could see us getting on splendidly as mates, but he's not really my type",8,N
"8.Would you meet again? He texted asking me out, but a day later sent me a text blowing me off, so no","He texted asking me out, but a day later sent me a text blowing me off, so no",8,Y
8,"At comedy clubs and so on.• Rob and Katie ate at Senkai, London W1. Fancy a blind date? Email: blind.date@theguardian.com",8,N
8.Would you meet again? It's certainly a possibility,It's certainly a possibility,8,Y
"8.Would you meet again? He has my number, so we will see","He has my number, so we will see",8,Y
8 – I had a lovely evening. Would you meet again? We swapped numbers. I'd be game,We swapped numbers. I'd be game,8,Y
"8. Oliver was charming.Would you meet again? Possibly not, but I'm really glad we met","Possibly not, but I'm really glad we met",8,N
"8.Would you meet again? It would be nice, for a drink","It would be nice, for a drink",8,Y
"8 – the meal was good, the company was great.Would you meet again? I'd enjoy spending more time with her and getting to know her better",I'd enjoy spending more time with her and getting to know her better,8,Y
A high 8. We agreed that anything less than 7 would be mean (I hope he holds up his end of the deal),"We said we would, but I've strategically left the ball in his court. He has my number, so we'll see what happens",8,Y
8,I would like to think so,8,Y
"8 – I had an excellent evening, but he's not really my type.Would you meet again? I'd certainly be up for hanging out, but just as friends. I'd like to see his band, too – I think I could get on board with this electro cowboy folk thing","I'd certainly be up for hanging out, but just as friends. I'd like to see his band, too – I think I could get on board with this electro cowboy folk thing",8,N
8.Would you meet again? Possibly as friends!,Possibly as friends!,8,N
"8 – great date. Would you meet again? He's a cool guy but, without sounding like too much of a cliché, just as friends","He's a cool guy but, without sounding like too much of a cliché, just as friends",8,N
8. Would you meet again? I'd give meeting up a go,I'd give meeting up a go,8,Y
"8.Would you meet again? I've got her number, so let's see what happens","I've got her number, so let's see what happens",8,Y
"A definite 8.Would you meet again? It was clear to me that, despite Elizabeth's many great qualities, we are stars from different galaxies and our orbits seem unlikely to coincide again","It was clear to me that, despite Elizabeth's many great qualities, we are stars from different galaxies and our orbits seem unlikely to coincide again",8,N
"8.Would you meet again? Yes, but only as a friend","Yes, but only as a friend",8,N
Eight.Would you meet again? As friends,As friends,8,N
7.8.Would you meet again? We have texted a bit since,We have texted a bit since,8,Y
"8. Nice company, good food and an all-round lovely evening.Would you meet again? Yes, it would be nice to see him again","Yes, it would be nice to see him again",8,Y
"8.Would you meet again? Yeah, but just as friends. I think she might come to one of my gigs, which would be great. Although after she reads this, I fully expect her to throw something at me","Yeah, but just as friends. I think she might come to one of my gigs, which would be great. Although after she reads this, I fully expect her to throw something at me",8,N
"8Would you meet again?Yes, as friends","Yes, as friends",8,N
8,"Yes, if we can find a musical that Clare has not already seen!",8,Y
I would have to give the whole evening 8,"As friends. We had a lot in common, but I don't think the spark was there",8,N
8. She was good company and I had a great evening,"I think we'd both agree there weren't any sparks flying, so if we do, it will be as friends",8,N
"8.Would you meet again?The night after I came back from the interview I got together with someone I'd had my eye on for a while. I hope Rita has similar good luck, and soon, because she's a winner","The night after I came back from the interview I got together with someone I'd had my eye on for a while. I hope Rita has similar good luck, and soon, because she's a winner",8,N
"8.25… that's hefty praise. Johnny Depp, David Bowie, Flight Of The Conchords, all of whom are the Gods of All Men, all score a 9","Probably not. We lacked the magic sparkiness, but he's a hottie, so he won't be on the shelf for too long",8,N
"8. The food was excellent, it was a really nice place and I was very relieved that it turned out out to be such a pleasurable experience","Yeah, I'd be up for hanging out again",8,Y
"He's good boyfriend material, but not for me. For the evening, 8.Would you meet again? We talked about meeting one Sunday on Hampstead heath to walk my dog and have some lunch",We talked about meeting one Sunday on Hampstead heath to walk my dog and have some lunch,8,N
"8.Would you meet again? Will was a lovely chap, not my usual type, but would be nice to meet up again for a drink or two","Will was a lovely chap, not my usual type, but would be nice to meet up again for a drink or two",8,Y
8.Would you meet again? It would be nice to have a chance to chat in a more relaxed atmosphere,It would be nice to have a chance to chat in a more relaxed atmosphere,8,Y
8.Would you meet again? Maybe for coffee if our paths happen to cross,Maybe for coffee if our paths happen to cross,8,N
8,We swapped numbers,8,Y
8,"I hope so, as friends. It was a lovely evening, but I am not sure either of us is quite ready for romance again",8,N
"Arrghh, never rated anyone… erm, 8?",Who knows! Maybe another drink?,8,Y
"8.Would you meet again? Yes, he's got an invite to my birthday","Yes, he's got an invite to my birthday",8,Y
"8. Everything was great, just not 9 or 10 quality!Would you meet again? Yeah, I'd like to","Yeah, I'd like to",8,Y
"8.Would you meet again? I'd like to, as friends. I'm not sure how Coelina feels. I don't think she's ready for this jelly","I'd like to, as friends. I'm not sure how Coelina feels. I don't think she's ready for this jelly",8,N
"8.Would you meet again? Yes, we swapped mobile numbers and agreed to meet again","Yes, we swapped mobile numbers and agreed to meet again",8,Y
"8, and a bonus point for not ordering foie gras","I think we could have a lot of fun and good conversations, so I hope so – but I can't see it as more than friends, I'm afraid",8,N
8,"Yes, as friends, but I don't think romance is on the cards",8,N
8,"No - it was a good evening and I enjoyed it, but I don't think there was any spark",8,N
8,"We swapped numbers, so maybe - if only to find out how Venice was",8,Y
8,"Maybe, but not romantically. Also, he didn't compliment me and I did him (on his shirt)",8,N
8,"Yes. It would be interesting to be in our own environment, where we could have a bit more craic. I reckon we could have a laugh",8,Y
8,"As long as she wasn't feigning interest, yes",8,Y
8,Defintely maybe,8,Y
8,"Yes, we are in touch",8,Y
8.5,"We’ve planned a rendezvous at Horse Meat Disco, but probably just as mates",8.5,Y
8.5,"Yeah, why not?",8.5,Y
8.5,I’d like to think so,8.5,Y
An easy 8.5,"I’d love to, except I failed to get her number",8.5,Y
8.5,"Yes, we are going to, but just as friends",8.5,N
8.5,"I woke up at 5am with the answer to the brain-teaser she set me before the first course, so I do hope we meet again, to see if I’m right",8.5,Y
8.5,He has my number – let’s see,8.5,Y
"We agreed to give at least 7, but I had a good time, so 8.5","Yes. Although if she says no, please change my answer",8.5,Y
8.5,"Yes, I had a really good time",8.5,Y
8.5,I hope so. I'm going to give her a call,8.5,Y
8.5,Yes – we've planned to meet again soon,8.5,Y
"8.5. Nobody is perfect, but Sarka came pretty close","I think there will be a second date, if only because I owe Sarka a couple of songs. Don't ask…",8.5,Y
"8.5 – as first dates go, it was a win",Why not? He's a fun guy,8.5,Y
8.5 – I had a lovely time and Katie was wonderful company,I'd like to think so,8.5,Y
A well-deserved 8.5,I certainly hope so…,8.5,N
"8.5. Would you meet again? Sure. I know Aoife enjoyed the night, we talked at ease, and I would be interested in taking Aoife out for a coffee, or a drink","Sure. I know Aoife enjoyed the night, we talked at ease, and I would be interested in taking Aoife out for a coffee, or a drink",8.5,Y
8.5.Would you meet again? Yes. I said I would take him to some good galleries as he hasn't lived in London that long,Yes. I said I would take him to some good galleries as he hasn't lived in London that long,8.5,Y
"8.5.Would you meet again? I'd like to – we've swapped numbers, so hopefully we'll catch up again soon","I'd like to – we've swapped numbers, so hopefully we'll catch up again soon",8.5,Y
8.5.Would you meet again? Yep!,Yep!,8.5,Y
8.5.Would you meet again? Yes,Yes,8.5,Y
"8.5. Would you meet again? We have been in touch, and we might meet again, but only as friends","We have been in touch, and we might meet again, but only as friends",8.5,N
8.5,"We're both off to Bestival on the Isle of Wight in a few weeks, so we might have a pint together there",8.5,Y
"8.5.Would you meet again? Yes, although I think it will remain just as friends","Yes, although I think it will remain just as friends",8.5,N
8.5,"Neither of us swapped numbers, so I guess no. A shame, as she was great company",8.5,N
9 (perfection doesn’t exist),"I hope so, although we didn’t exchange numbers",9,Y
9,We didn’t exchange numbers,9,N
9,As a mate. He was keen for me to teach him some moves from my street dance class,9,N
8.9,Yes,9,Y
Nine,We swapped numbers. I might take him to Harry Potter World or something,9,Y
8.7,On Tuesday,9,Y
Nine,Not to hook up but definitely to party,9,N
9,"Yes, as friends",9,N
9,Yes,9,Y
A solid 9,"Yes, we talked about going to the theatre",9,Y
9,"Yes. I’m not sure if there was a romantic spark, but I like her energy",9,Y
"I refuse to grade people, because this isn’t Tinder, but if I had to grade the evening, I’d give it a solid 9",We swapped numbers at the tube station – I would like to see her again,9,Y
9,"I hope so, but just as friends",9,N
An honest 9 disguised as a shy 8,We exchanged numbers. I’d like to see him again,9,Y
9,We’ll go skating for sure in the future,9,Y
9,Sure,9,Y
"Dee is brilliant, dinner with him was a treat – 9!","As friends, but romantically it wasn’t a goer – we are at different stages in our lives",9,N
A strong 9,"Yes! We’re both away for a few weeks, but plan to when diaries can align",9,Y
9,"I’d be happy to on a social level, because we had a lot in common",9,N
"9. I wish I had fancied him, everything else was lovely",I suggested a comedy theatre thing. I hope he doesn’t think I was just being polite,9,N
"8 or 9, haven’t decided yet",Yes,9,Y
8.9,"It depends on her review. If it’s positive, then why not?",9,Y
9,Yes. Already planned,9,Y
9,For a sober coffee this week,9,Y
9,"Hmmm, yeah",9,Y
9,For a friendly drink,9,N
8.8,Probably,9,Y
9,"Yes, we plan to",9,Y
9,"Yeah, it would be good. We’ve texted a bit, so we’ll see…",9,Y
9,"Turns out we're neighbours, so it might be hard to avoid each other. But yes",9,Y
9,"Yes, definitely",9,Y
9,Depends if he's into inadvertent clowns,9,Y
"8.5. Actually, make it a 9","He asked for my number, ""just in case"". I'm not sure ""in case"" of what, but I'd like to",9,Y
9,"If she wants to, definitely",9,Y
She's a 9,"If reading this hasn't put her off too much, I'd love to",9,Y
I’d rate Phoebe’s company as a 9,I hope so. Is romance on the cards? My instinct says no,9,Y
8 or 9,I'd like to,9,Y
We scored each other at 8.5 to 9,I'd like to think so,9,Y
9,"Yes, hopefully for a cycle ride some time",9,Y
A solid 9,We swapped numbers and she's a great girl. It would be good to see her again,9,Y
9,Yes,9,Y
"I'd say 9, but maybe that's a bit too keen, so let's say 8.5","I had a wonderful time, so I do hope so",9,Y
"As blind dates in the national press go, it couldn't have gone much better: 9/10",It would be a shame not to,9,Y
A high 9,I'm quite sure we will,9,Y
9,"I hope so, for some coffee and people-watching",9,Y
A respectable 9,Would be fun,9,Y
9 – she's ace,As friends,9,N
9,Yeah,9,Y
A solid 9. Nobody's perfect,"Absolutely. After all, a good listener is hard to find",9,Y
A solid 9,I believe our paths are going to cross again imminently,9,Y
If I have to... 8 and three quarters?,Of course,9,Y
A strong 9. Emma was delightful and would be a catch for a more suitable chap,"Absolutely, as friends",9,N
8-9,Definitely. We exchanged cards and said we had fun before getting on separate buses home,9,Y
9+,We already have,9,Y
"I told him I'd give him an 8, but on reflection he's a healthy 9","Well, date number two is happening…",9,Y
Numbers? Really? All right… 9,Yes. She said she'd come to my next gig,9,Y
9.11136521,"Yeah, hopefully",9,Y
"I had a really nice evening – 9.Would you meet again? Yeah, sure. Why not","Yeah, sure. Why not",9,Y
9.Would you meet again? I think I could manage that,I think I could manage that,9,Y
9.Would you meet again? Maybe we already have…,Maybe we already have…,9,Y
9.Would you meet again? I certainly wouldn't object,I certainly wouldn't object,9,Y
9 for the evening,"It's unlikely because we didn't swap numbers, and as I say, not my cup of tea. And, bless him, I think he was just after a free dinner",9,N
9. Would you meet again? I said I'd happily show him how brilliant north London is,I said I'd happily show him how brilliant north London is,9,Y
"9, because I enjoyed her company.Would you meet again? I had a really good time with her and we exchanged numbers. She said she hasn't been to east London yet, so I'd be happy to show her around there sometime","I had a really good time with her and we exchanged numbers. She said she hasn't been to east London yet, so I'd be happy to show her around there sometime",9,Y
"9.Would you meet again? I'd be up for it. I had lots of fun, much more than I thought I was going to","I'd be up for it. I had lots of fun, much more than I thought I was going to",9,Y
"9.Would you meet again? I'd be up for it. We swapped Twitter handles (I choose to think of this as only geek-chic, not nerdy), so we'll see","I'd be up for it. We swapped Twitter handles (I choose to think of this as only geek-chic, not nerdy), so we'll see",9,Y
"9.Would you meet again? Sure, but probably not on a romantic level","Sure, but probably not on a romantic level",9,N
This is a hugely difficult question. But I think 8½ or 9,"We had lots to talk about and a lot in common, so yes",9,Y
"I can't really think of any bad points, so I'll go with 9.Would you meet again?Definitely as friends. I might check out one of Sam's hip-hop jams",Definitely as friends. I might check out one of Sam's hip-hop jams,9,N
"This is the bit I always think is unfair, but to keep in with the spirit of things, a solid 9.Would you meet again? We swapped numbers…",We swapped numbers…,9,Y
"9.Would you meet again? Yeah, I'd like to","Yeah, I'd like to",9,Y
9.Would you meet again? The plan is to meet for a civilised cream cake,The plan is to meet for a civilised cream cake,9,Y
"9. Would you meet again? We have a shared passion for a certain patisserie and swapped numbers, so…","We have a shared passion for a certain patisserie and swapped numbers, so…",9,Y
"9.Would you meet again? I think it would be fun to hit the town again with Duncan, just perhaps not on a school night","I think it would be fun to hit the town again with Duncan, just perhaps not on a school night",9,Y
9,Yes!,9,Y
"9.Would you meet again? Yes, it would be nice to meet again for a pint","Yes, it would be nice to meet again for a pint",9,Y
We drunkenly agreed to rate each other 9 and on reflection I'm still going for a 9.Would you meet again? Yes,Yes,9,Y
"9Would you meet again? Sure, we've talked about it","Sure, we've talked about it",9,Y
"A solid 9.Would you meet again? Yes, we've made plans","Yes, we've made plans",9,Y
"9. Would you meet again? She's great fun, so it'd be good to see her again sometime","She's great fun, so it'd be good to see her again sometime",9,Y
9 for sure,"We exchanged numbers, so let's wait and see",9,Y
A pleasantly surprised 9,"We exchanged numbers, so I think we'll have a drink sometime again away from the whole slight-weirdness of the blind date scenario",9,Y
"9.Would you meet again? We have been in touch, so will see what happens","We have been in touch, so will see what happens",9,Y
"9.Would you meet again? I would like to see Alex again, hopefully she feels the same!","I would like to see Alex again, hopefully she feels the same!",9,Y
"9.Would you meet again? Only as friends. I wasn't physically attracted to Matt, but found him to be a warm, charming and very nice bloke","Only as friends. I wasn't physically attracted to Matt, but found him to be a warm, charming and very nice bloke",9,N
"9.Would you meet again? I'd like to, and he took my details, so we'll see!","I'd like to, and he took my details, so we'll see!",9,Y
"9.Would you meet again? We've arranged to, yes.• Ted and Anna ate at Galvin Bistrot de Luxe, London W1, 020-7935 4007","We've arranged to, yes.• Ted and Anna ate at Galvin Bistrot de Luxe, London W1, 020-7935 4007",9,Y
9,"Yes – for what, who knows? I know it would be fun",9,Y
A strong 9! We got on well and the meal was awesome,"I'd like to. We swapped numbers, so who knows?",9,Y
9,"Yes, it would be a pleasure",9,Y
"Highly enjoyable, so at least 9 out of 10, if not full marks","Yes, already agreed",9,Y
9,Yes - for a drink and see how things developed,9,Y
9,"Yes, definitely - as friends for the time being. We got on really well, so it was a good start",9,Y
9,We exchanged numbers with the promise to have dinner,9,N
9,We are going for drinks soon,9,Y
9,Maybe,9,Y
9,"Oh yes. Not to lead to anything special, but as good friends probably. She's invited me to see the show she is in",9,N
9.5,Without doubt – I’m in desperate need of a dating coach,9.5,Y
9.5.Would you meet again? Friends are buying hats,Friends are buying hats,9.5,Y
10,I’ve already invited her up to see my etchings,10,Y
10 for company,"Yes, as friends",10,N
A full 10,"We’ll see, back in London. I’d like to",10,Y
10,"We talked about going to see Anomalisa but not calling it a date. I suspect I’m not quite what Sandra is looking for, and that’s cool. If she becomes a friend, I can’t ask for more",10,Y
10. It was so bad it was actually funny,"Well, he took my number",10,Y
"10, without a doubt!",Yes – we already have plans to do so,10,Y
"I couldn’t reduce Elizabeth to a numeral! But, to conciliate your readership, 10",I would like to,10,Y
10,I have asked her to consider letting me make a picnic so we can have a lovely day out,10,Y
10 out of 10 – I couldn’t have asked for a nicer person,"Sure, I gave her my Facebook",10,Y
9. I’d say 10 but we all need something to work towards,We’ve already been on our second date. It went well,10,Y
10,"If she brings her Oyster card, sure",10,Y
10,"Yes, I have her number",10,Y
10,"Yes, definitely",10,Y
10,Yes,10,Y
"A perfect 10. Well, maybe a 9.5",We exchanged numbers,10,Y
"Go on then, I'll give him a 10","Yep, I don't see why not",10,Y
10,Yes,10,Y
10!,"I suggested that if he wanted some photos of his DJ nights, I would love to shoot them on the house",10,Y
10,"Yes, it would be nice to go for a drink",10,Y
11 – he's a fantastic date,Yes – we will meet again as friends,10,N
Definitely a 10,"I've invited her to my birthday, so hopefully I'll see her then",10,Y
"Bundling the whole experience together, a 9 or a 10",We're due to go to his birthday in a week,10,Y
"Top marks, 10 out of 10",That would be nice,10,Y
10,No,10,N
10+,Definitely,10,Y
11,We already have. And plan to see each other again,10,Y
"10. Girls, this man is single","Not for a date but out with friends, yes",10,N
10!,I think Kit would agree there was no spark,10,N
11.Would you meet again? Let's just say we differ on whether Alastair Campbell has explaining to do to the families of a lot of dead Iraqis,Let's just say we differ on whether Alastair Campbell has explaining to do to the families of a lot of dead Iraqis,10,N
"10. Kathy's an amazing girl and there was never a dull moment.Would you meet again? Definitely.• Kathy and Bart ate at Giraffe, London W1. Fancy a blind date? Email: blind.date@theguardian.com","Definitely.• Kathy and Bart ate at Giraffe, London W1. Fancy a blind date? Email: blind.date@theguardian.com",10,Y
"10. It would be churlish of me to award less. Would you meet again? We swapped numbers and, if the occasion presents itself, I would be pleased to socialise again","We swapped numbers and, if the occasion presents itself, I would be pleased to socialise again",10,Y
"How reductive! Go on then, but you'll have to work for it: 1 + 5 ÷3 + 8 x 0.9 = ?Would you meet again? We already have – it didn't go so well. We'll see what the future brings, but I haven't quite bought the engagement ring just yet","We already have – it didn't go so well. We'll see what the future brings, but I haven't quite bought the engagement ring just yet",10,Y
"10! It's only polite. Would you meet again? Yep, but probably not romantically","Yep, but probably not romantically",10,N
"10 – a lovely evening and a great experience.Would you meet again? I enjoyed the night and thought we got on really well, but I'm not sure if we'll arrange to meet up again. We're both going to the same music festival in September, so it would be great to run into her and catch up then","I enjoyed the night and thought we got on really well, but I'm not sure if we'll arrange to meet up again. We're both going to the same music festival in September, so it would be great to run into her and catch up then",10,N
"A great evening, lovely company, so it's definitely a 9-10.Would you meet again? We said we would. I'd like to",We said we would. I'd like to,10,Y
"Anything less than 10 would suggest I could find faults in him, which I couldn't, so 10",We have swapped numbers and I hope we can meet up again soon,10,Y
10,I'd certainly like to see Nicole again socially - she's great company and a wit,10,Y
10,Yes. Romantically? Why not? We exchanged numbers and he texted me later to say he'd had a lovely evening,10,Y
10,"We said we would and exchanged numbers, so we'll see!",10,Y
10,"Not as a romantic item, no",10,N